Unnamed: 0,Total Loss,Loss avg,loss_stage1_L1 value,loss_stage1_L1 avg,loss_stage1_L2 value,loss_stage1_L2 avg,loss_stage2_L1 value,loss_stage2_L1 avg,loss_stage2_L2 value,loss_stage2_L2 avg,loss_stage3_L1 value,loss_stage3_L1 avg,loss_stage3_L2 value,loss_stage3_L2 avg,loss_stage4_L1 value,loss_stage4_L1 avg,loss_stage4_L2 value,loss_stage4_L2 avg,loss_stage5_L1 value,loss_stage5_L1 avg,loss_stage5_L2 value,loss_stage5_L2 avg,loss_stage6_L1 value,loss_stage6_L1 avg,loss_stage6_L2 value,loss_stage6_L2 avg,max_ht value,max_ht avg,min_ht value,min_ht avg,max_paf value,max_paf avg,min_paf value,min_paf avg
,0.3288983106613159,0.3288983106613159,0.0037133831065148,0.0037133831065148,0.0510888323187828,0.0510888323187828,0.0037134136073291,0.0037134136073291,0.0510700121521949,0.0510700121521949,0.0037145898677408,0.0037145898677408,0.0511168800294399,0.0511168800294399,0.0037131856661289,0.0037131856661289,0.0511258952319622,0.0511258952319622,0.0037137947510927,0.0037137947510927,0.0511146821081638,0.0511146821081638,0.0037140357308089,0.0037140357308089,0.051099594682455,0.051099594682455,0.0015788242453709,0.0015788242453709,-0.0015946096973493,-0.0015946096973493,0.0016810086090117,0.0016810086090117,-0.0017754239961504,-0.0017754239961504
,0.0334663726389408,0.0752494856715202,0.002741620875895,0.0031894426127629,0.0027698683552443,0.0092862587189301,0.0027416676748543,0.0031895003048703,0.0028338127303868,0.0093451083937127,0.0027418909594416,0.0031899122321712,0.0028587693814188,0.0093783921661919,0.0027415987569838,0.003189394533235,0.0028495884034782,0.0093674042894105,0.0027416553348302,0.0031895295029417,0.0028552487492561,0.0093735650547647,0.0027416949160397,0.0031897136387193,0.0028489576652646,0.0093612701831651,0.0040113911963999,0.005218862905167,0.0015379092656075,0.001307685756945,0.0118871163576841,0.0117150904455532,-0.0060469703748822,-0.0058227836797457
,0.034515906125307,0.0552254058420658,0.0030268719419837,0.0031165421838167,0.0027244184166193,0.0060518905662409,0.0030269480776041,0.0031165953458672,0.002725719474256,0.0060839320436438,0.0030270761344581,0.0031169005669653,0.0027261322829872,0.006101849446323,0.003026878228411,0.0031165246051032,0.0027259227354079,0.0060958793278919,0.0030269175767898,0.0031166061838498,0.0027260740753263,0.0060992651056816,0.0030269550625234,0.0031167257963339,0.0027259881608188,0.0060926985234113,0.0046078856103122,0.0047809617883503,0.0017166979378089,0.0016473707694719,0.0121967839077115,0.0111876652837253,-0.0060764634981751,-0.0056085285174137
,0.0395874679088592,0.0481942184269428,0.0033369667362421,0.0030825504475868,0.0032606231980025,0.004925619301264,0.0033369848970323,0.0030826006760271,0.0032609431073069,0.0049472849312253,0.0033372212201356,0.0030828652575184,0.0032609212212264,0.0049593388885412,0.0033370121382176,0.0030825477204148,0.0032608734909445,0.0049553101893789,0.0033369793090969,0.0030826036398466,0.0032609656918793,0.0049576117641857,0.0033370070159435,0.0030826981614542,0.0032609682530164,0.0049531947798477,0.0044255731627345,0.0046570821050707,0.0020973104983568,0.0016979541482602,0.0104359295219182,0.0113832402676649,-0.0051348959095776,-0.0058003299235992
,0.0382867567241191,0.0451071225106716,0.0035486072301864,0.0031019639838946,0.0028320662677288,0.0043975674435151,0.0035486065316945,0.0031020068721615,0.0028325845487415,0.0044139902521338,0.0035488617140799,0.0031022654995782,0.0028325566090643,0.0044230599657712,0.0035485664848238,0.0031019600875744,0.0028324965387582,0.0044200136642443,0.0035486207343637,0.0031019995408707,0.002832609694451,0.0044217718331097,0.003548578126356,0.0031020854783738,0.0028326017782092,0.0044184439114214,0.0044445060193538,0.0046850912327544,0.0017666396452113,0.0018334974524749,0.0121442805975675,0.0115756830919166,-0.0055236080661416,-0.0057682315732731
,0.0407590270042419,0.0430568717420101,0.0034673425834625,0.0030988285336459,0.0033252222929149,0.0040625366186354,0.0034672666806727,0.0030988545726413,0.0033259761985391,0.0040758134806436,0.0034676138311624,0.0030991174349801,0.0033259126357734,0.0040830776837682,0.0034672834444791,0.0030988152012099,0.0033257917966693,0.0040806198220626,0.0034672645851969,0.0030988395988646,0.0033259904012084,0.0040820575017242,0.0034673549234867,0.0030989243446083,0.0033260078635066,0.004079391029525,0.0049250680021941,0.0046568199344403,0.0023716259747743,0.0018597951090876,0.0111839650198817,0.0115611690608323,-0.0049835336394608,-0.0057810457575476
,0.0333684384822845,0.0416748896241188,0.0029887093696743,0.003102287918537,0.0025722598657011,0.00383110839608,0.0029884206596761,0.0031022841268611,0.0025729842018336,0.0038423050841516,0.0029888579156249,0.0031025682918511,0.0025729341432452,0.003848358229657,0.0029884607065469,0.003102254126344,0.0025727620813995,0.0038462848342908,0.002988388063386,0.003102263458812,0.0025730575434863,0.0038475255233674,0.0029885328840464,0.003102351309085,0.002573070814833,0.0038453035214377,0.0037945911753922,0.0046848496354823,0.0015853807562962,0.0019015618248781,0.0094723561778664,0.0117425926680068,-0.0049167061224579,-0.0059120531582604
,0.0337718911468982,0.0409290716052055,0.002887105802074,0.0031175621618444,0.0027405726723372,0.0036931920330971,0.0028866140637546,0.0031175024308766,0.0027420651167631,0.0037029580739888,0.0028874145355075,0.0031178398520177,0.0027418460231274,0.0037081328877875,0.0028867153450846,0.0031174871069874,0.00274169142358,0.0037063293452936,0.0028865362983196,0.0031174729703694,0.0027423170395195,0.0037074611911959,0.0028866592328995,0.0031175711869215,0.0027423575520515,0.0037055623796867,0.0043493555858731,0.0046863702930021,0.0020626145415008,0.0019347299611136,0.0117819188162684,0.0118282067850364,-0.0053099812939763,-0.0058829615747965
,0.042504072189331,0.0404703877866268,0.0038034382741898,0.003138954935578,0.0032792761921882,0.0035965709899326,0.0038013849407434,0.0031387715727692,0.0032821046188473,0.0036053465460918,0.0038038897328078,0.0031392337878737,0.0032808342948555,0.0036098091148696,0.0038016817998141,0.0031387837363626,0.0032815921586006,0.0036082452037284,0.0038011642172932,0.0031387271831008,0.0032835218589752,0.0036093706145061,0.0038014648016542,0.0031388489347275,0.0032837176695466,0.0036077214352879,0.006783430930227,0.004724414438524,0.0032027275301516,0.0019570809086894,0.0160331055521965,0.0119705885917711,-0.0076896753162145,-0.0059554321671147
,0.0335238017141819,0.0399050153791904,0.0030364256817847,0.0031403691709833,0.0025510261766612,0.0035018492174895,0.003031410742551,0.0031399318963824,0.0025538764894008,0.0035099683526275,0.0030368771404027,0.0031406546567273,0.0025426859501749,0.0035135065274858,0.0030323783867061,0.0031399969847677,0.0025555517058819,0.0035125646960165,0.0030303648672997,0.0031398422282847,0.0025600756052881,0.0035138600602365,0.0030321276281028,0.0031400214101172,0.0025610011070966,0.0035124427847337,0.0057005695998668,0.0047687663142286,0.0020914829801768,0.0019796047342339,0.0186031237244606,0.0124872131749102,-0.0088494820520281,-0.0061857881274033
,0.0421708337962627,0.039307702332735,0.0037524190265685,0.0031304810403507,0.0032742675393819,0.0034136648877148,0.0037288391031324,0.0031289862288134,0.0032223749440163,0.0034191363719315,0.0037529694382101,0.0031307838227025,0.0032117282971739,0.0034183833866255,0.003732566256076,0.0031292610952343,0.0032872927840799,0.003424405658372,0.0037262339610606,0.0031287799848808,0.0033619294408708,0.0034276611821503,0.0037299401592463,0.003129096761976,0.0033902744762599,0.0034270538017153,0.0080445371568202,0.0048394241093412,0.0013370676897466,0.0019448291459954,0.0501077473163604,0.014339534882039,-0.025543313473463,-0.007119109934029
,0.0299276262521743,0.0386221967637538,0.0029525046702474,0.0031114014100527,0.0020109673496335,0.0033150720278357,0.0029179670382291,0.0031077001534604,0.0020583779551088,0.0033245877446016,0.0029517922084778,0.0031117099364671,0.0020468921866267,0.0033230123571562,0.0029176466632634,0.0031080613801955,0.0020626313053071,0.0033303926655668,0.0029162045102566,0.003107438487637,0.0020834598690271,0.0033354633334998,0.0029159060213714,0.0031076995044845,0.0020932760089635,0.0033396484269191,0.0570137798786163,0.0069733055954276,-0.0086979381740093,0.0013946739314608,0.1140505373477935,0.0203661264196392,-0.0521180778741836,-0.0100282571537681
,0.0388114750385284,0.0381737425923347,0.0036577412392944,0.003113891976244,0.0028028059750795,0.0032361391989738,0.0035892114974558,0.0031065706702729,0.0028723503928631,0.0032508474459709,0.0036329161375761,0.0031136639553404,0.0028498503379523,0.0032480632122103,0.0035898583009839,0.0031069335141277,0.0028667296282947,0.0032560804214413,0.0035888359416276,0.0031063088343413,0.0028610192239284,0.0032610321254179,0.0035873858723789,0.0031064698285195,0.0029127653688192,0.0032677276584578,0.0828880667686462,0.0123061159537734,-0.0092692459002137,0.0007925332734975,0.1833843439817428,0.0318967554944323,-0.0920927375555038,-0.0153044304661684
,0.0360801592469215,0.0376703776419162,0.0035405117087066,0.0031081989833057,0.0024865532759577,0.0031594351407718,0.0034895923454314,0.0030982653392742,0.0025247987359762,0.0031753449341267,0.0035043859388679,0.0031061080833932,0.0024978609289973,0.0031719230172506,0.0034885364584624,0.0030985755954737,0.0025263845454901,0.0031801811071519,0.003487613517791,0.0030979980122283,0.0025092067662626,0.0031843071899794,0.0034872526302933,0.0030980731576495,0.002537464024499,0.0031919551279995,0.1696497499942779,0.0199737318927936,-0.0166385099291801,-0.0002038382933567,0.2368749976158142,0.0432166986647365,-0.1336131691932678,-0.0214512398247018
,0.0359152890741825,0.0372189730405807,0.0033417954109609,0.0031005557691943,0.0026368198450654,0.0030926804852032,0.0033396596554666,0.0030907045600743,0.0026421016082167,0.0031079931190449,0.003347192890942,0.003098558008114,0.0026425002142786,0.0031041972620041,0.0033383991103619,0.0030909384164985,0.002649228554219,0.0031124754515526,0.0033383290283381,0.0030904546399928,0.0026399481575936,0.0031159140900427,0.0033375360071659,0.0030904652416586,0.0026617795228958,0.0031240211954685,0.1479182988405227,0.0292928556276127,-0.0250441599637269,-0.0016758784954601,0.1899683177471161,0.0547867385194938,-0.1064150556921958,-0.0278187645872677
,0.0268272943794727,0.0368832051753997,0.0025662223342806,0.0030994038271603,0.0019143876852467,0.0030391743453838,0.0025624018162488,0.003089787868591,0.0019039100734516,0.0030529551518202,0.0025737897958606,0.0030978302930812,0.0018994206329807,0.0030490451900789,0.0025633096229285,0.003090101588932,0.0019058639882132,0.0030571743234855,0.0025626551359891,0.0030895935810879,0.0018988460069522,0.0030601348788276,0.0025624702684581,0.0030895329646741,0.0019140164367854,0.0030684572125497,0.2016450464725494,0.0415098345517474,-0.0204255897551774,-0.0033197434511936,0.2095936685800552,0.0667763774374506,-0.1477218121290207,-0.0357978434164225
,0.0321364551782608,0.0365465693175792,0.0030978256836533,0.0030911069394544,0.0021713385358452,0.0029912729659828,0.0030883429571986,0.0030814274526099,0.0022733081132173,0.0030053399098497,0.0030967509374022,0.0030895826570701,0.0022832839749753,0.0030018054880927,0.0030942056328058,0.0030818163864082,0.002283782698214,0.0030094818901154,0.0030938982963562,0.0030813929138885,0.0022788397036492,0.0030120427178427,0.0030913220252841,0.0030811489762802,0.0022835552226752,0.0030201375734705,0.4804316461086273,0.0569523145068245,-0.0300135090947151,-0.0048865588246612,0.3872267603874206,0.079911786837306,-0.2977438271045685,-0.046086877872413
,0.0294251441955566,0.0362519510090351,0.0029040179215371,0.0030871432549743,0.0020197909325361,0.0029479338097197,0.0028794575482606,0.0030762868041658,0.0020129084587097,0.0029610875578149,0.0028879228048026,0.0030846014991675,0.0020143175497651,0.0029576923387518,0.0028788547497242,0.0030767693480646,0.0020265353377908,0.0029651463769862,0.0028757597319781,0.0030763090917256,0.0020180300343781,0.0029674928752798,0.0028773555532097,0.0030759445629205,0.0020301903132349,0.0029755311914312,0.4966879785060882,0.0730675017257027,-0.0360745824873447,-0.0061687859172299,0.3908506035804748,0.0933148610273163,-0.3565524518489837,-0.058966119058807
,0.0273467823863029,0.0359183698892593,0.0027920210268348,0.0030784423232795,0.0018315219786018,0.0029036283181526,0.0027524046599864,0.0030663364516555,0.0017911811592057,0.0029151136167811,0.0027561672031879,0.0030746029798261,0.0017903757980093,0.0029118306240856,0.0027518630959093,0.0030668055312321,0.0017908747540786,0.0029190069317967,0.002751802559942,0.0030663759980371,0.0017940897960215,0.0029211811701331,0.0027510274667292,0.003065956668113,0.0017934489296749,0.0029290746507258,0.4190027713775635,0.0902211913078574,-0.0197267364710569,-0.0073089071282139,0.345475435256958,0.1069012695150785,-0.3485775291919708,-0.0733446017032814
,0.0336774364113807,0.0356130339205265,0.0033349283039569,0.0030682111856236,0.0023382038343697,0.0028657585888455,0.0032946858555078,0.003054937731543,0.0023077856749296,0.0028753399673551,0.0032974125351756,0.0030629507613092,0.0023000510409474,0.0028721627927803,0.0032927540596574,0.0030553064051174,0.0023072659969329,0.0028789774746954,0.0032930201850831,0.0030549209915697,0.0023065255954861,0.0028811349561609,0.0032936425413936,0.0030544891738359,0.0023111619520932,0.0028888320934095,0.4622813165187835,0.110281363181254,-0.0275936014950275,-0.0084518004828157,0.3994494378566742,0.1231373441106153,-0.3821526169776916,-0.0901904320154886
,0.0300959385931491,0.0354077890515327,0.0028146426193416,0.0030666108239103,0.002233617240563,0.0028357695955945,0.0027918464038521,0.0030519265673957,0.0022182359825819,0.0028438335406521,0.0027916240505874,0.0030597305756196,0.0022161912638694,0.0028407877375559,0.002788748126477,0.0030522069526822,0.0022169253788888,0.0028472713121048,0.0027942550368607,0.0030518674231865,0.0022195777855813,0.0028494867969982,0.0027919546701014,0.0030514101710918,0.0022183211985975,0.0028568759193049,0.5623154640197754,0.1300239056988069,-0.0507569126784801,-0.0097847639179807,0.6207636594772339,0.1408098838495281,-0.5290318131446838,-0.1089621372503504
,0.0244013685733079,0.0351011492311954,0.0025414158590137,0.0030556958914798,0.0015516604762524,0.0027979806764051,0.0024948592763394,0.0030398843386885,0.0015650013228878,0.0028045721077791,0.0025005606003105,0.0030474028046267,0.0015661035431548,0.0028015763146001,0.0024942769668996,0.0030400085588142,0.0015641014324501,0.0028078294742958,0.0024931777734309,0.0030397186069605,0.0015668353298678,0.0028100260428314,0.0024957514833658,0.0030393089356361,0.0015676248585805,0.0028171435923751,0.595377504825592,0.1483274628997243,-0.0324425958096981,-0.0110349480410863,0.4593114256858825,0.1576466141075046,-0.5502889752388,-0.1282424319103015
,0.0319615192711353,0.0349325500428676,0.0030852910131216,0.0030553878188373,0.0022929664701223,0.0027726109252076,0.0030446844175457,0.0030384819594036,0.0022721928544342,0.0027775664920992,0.0030461030546575,0.0030458201218687,0.0022698373068124,0.0027746683561566,0.0030436140950769,0.0030385306070172,0.0022696983069181,0.0027807281361026,0.0030434227082878,0.0030381883039981,0.0022759810090065,0.0027829051306027,0.0030433873180299,0.0030378802949267,0.0022743404842913,0.0027897755307612,0.4890508651733398,0.1664576743438506,-0.0342340730130672,-0.0124014938468495,0.6121745109558105,0.1740131890216457,-0.5506352782249451,-0.1485459548141385
,0.0382122136652469,0.0346705839037895,0.0037891052197664,0.0030453857077374,0.0025989129208028,0.0027404894775543,0.0037568202242255,0.0030277222331811,0.0026048226282,0.0027444871923322,0.0037613336462527,0.0030348811057697,0.0026072729378938,0.0027417434112284,0.0037568497937172,0.0030277191091595,0.0026018461212515,0.0027475352770267,0.0037577783223241,0.0030273493076826,0.0026092743501067,0.0027497402089799,0.0037593389861285,0.003027127872609,0.0026088587474077,0.0027563988924058,0.62527996301651,0.1833877629520161,-0.0395393930375576,-0.013621958503838,0.7171164155006409,0.1913269328770638,-0.6931912302970886,-0.1683332339285745
,0.0311883296817541,0.0345371961593627,0.0029863358940929,0.0030449553310054,0.0022594672627747,0.0027202983355835,0.002947584958747,0.0030264980326699,0.00224220007658,0.0027232870271743,0.0029508955776691,0.0030335188098348,0.0022423381451517,0.0027206277592386,0.0029455532785505,0.0030264241892937,0.0022390712983906,0.0027262682190528,0.002942043589428,0.0030259868745322,0.0022432182449847,0.0027285679129751,0.0029465439729392,0.0030258070005165,0.0022430755198001,0.0027349591785228,0.5384753942489624,0.1997872254060457,-0.0510185100138187,-0.014995466094738,0.561417818069458,0.2091065920127474,-0.5792215466499329,-0.1881908857154228
,0.0352291949093341,0.0343436747789382,0.003340509487316,0.0030400449730281,0.002622295403853,0.0026951127587083,0.003274800023064,0.0030205686731884,0.0025777842383831,0.002696707241977,0.0032799732871353,0.0030273972053597,0.0025703643914312,0.0026940555330793,0.0032717939466238,0.003020399565643,0.0025769877247512,0.0026995290945397,0.0032740491442382,0.0030200133453812,0.0025831535458564,0.0027018972029333,0.0032753322739154,0.0030199114169122,0.0025821519084274,0.0027080381783134,0.6902393698692322,0.2158538345305598,-0.043828547000885,-0.0161768891076007,0.6918599009513855,0.22710509159223,-0.8119730353355408,-0.2074608466464342
,0.0296043306589126,0.0341795869171619,0.0027933605015277,0.0030354252766599,0.0022001527249813,0.0026737697381837,0.002741937758401,0.0030153072510636,0.0021765318233519,0.0026744823358084,0.0027492034714668,0.0030219117065555,0.0021748328581452,0.002671923841423,0.0027436288073658,0.0030150330538777,0.0021757760550826,0.0026772374433828,0.0027407084126025,0.0030146647709906,0.0021804168354719,0.0026796210629618,0.0027444851584732,0.0030145966778589,0.0021832948550581,0.0026856085489773,0.4902791976928711,0.2299104981687931,-0.0548777766525745,-0.0171057025269844,0.5424150824546814,0.2428146682348059,-0.6382860541343689,-0.2258741504172195
,0.0392273291945457,0.0340637117624282,0.0036203637719154,0.0030331715023448,0.0030029979534447,0.0026575328247249,0.0035721140448004,0.0030125344461329,0.0029468068387359,0.0026578945677999,0.0035860335920006,0.003018927898356,0.0029359487816691,0.0026554171473232,0.0035841146018356,0.0030122317409043,0.0029350677505135,0.0026605703122139,0.0035833860747516,0.0030118371525696,0.0029406743124127,0.0026629679305255,0.0035717785358428,0.0030118249164801,0.0029480408411473,0.0026688012356875,0.6979707479476929,0.2438037696893993,-0.0512909442186355,-0.017991153504282,0.8494749069213867,0.2580088723331256,-0.8641018867492676,-0.2439742154203348
,0.027820011600852,0.0339883640408515,0.0028121194336563,0.0030360863838301,0.0018990518292412,0.0026439498325995,0.0027503743767738,0.0030144451957182,0.001870144973509,0.0026431115464109,0.0027525771874934,0.003020667634305,0.0018673226004466,0.0026407262844526,0.0027509464416652,0.0030140843488933,0.0018667709082365,0.0026457351551485,0.0027481387369334,0.0030136907835525,0.0018740941304713,0.0026481745153692,0.0027543259784579,0.0030138084628418,0.0018741432577371,0.0026538832573412,0.5187298655509949,0.2579959252280218,-0.0384913571178913,-0.0188343285128711,0.6211900115013123,0.2737857633890375,-0.658639132976532,-0.2619040925873347
,0.0211674459278583,0.033822875469923,0.0019329455681145,0.0030289149942139,0.0016414686106145,0.002624858978642,0.001913824584335,0.0030062545270045,0.0016029574908316,0.0026234693688191,0.0019156960770487,0.0030122987329703,0.0016000687610358,0.0026212238398879,0.0019127484411001,0.0030059280992435,0.0016054895240813,0.0026260341390191,0.0019120088545605,0.0030054916602057,0.0016071136342361,0.0026285770079104,0.001912995474413,0.0030056623192568,0.0016101282089948,0.0026341608736308,0.5717092156410217,0.2715347548852564,-0.0415171980857849,-0.0197829385230954,0.6484347581863403,0.2899111393753362,-0.6713398098945618,-0.2805347223906407
,0.03417444601655,0.0337584279477596,0.0033618276938796,0.003032357990393,0.0023743771016597,0.0026124402459946,0.0033209347166121,0.0030084960540359,0.0023742578923702,0.0026102294105596,0.0033162962645292,0.0030143288566193,0.0023649490904062,0.0026080085008409,0.0033193912822753,0.0030081703003337,0.0023701242171227,0.0026127097447528,0.0033158003352582,0.0030076626545676,0.002365784952417,0.0026152744304664,0.0033238029573112,0.003007973410451,0.0023668971844017,0.0026207774348352,0.6222254633903503,0.2842594438285556,-0.0390332303941249,-0.020442597507503,0.5233290195465088,0.3048374761308942,-0.7092266082763672,-0.2982629812101736
,0.0355654582381248,0.0336404889822006,0.0034269168972969,0.0030293015258134,0.0025447946973145,0.0025969420146533,0.003380716079846,0.0030047440503599,0.0025342276785522,0.0025941218399846,0.0033836553338915,0.0030102992299854,0.0025410931557416,0.0025920650952506,0.0033839978277683,0.0030043867584272,0.0025334083475172,0.0025966223595504,0.0033777018543332,0.0030038626380894,0.0025380419101566,0.0025991924872303,0.0033832946792244,0.0030042762174863,0.0025376121047884,0.0026046826332453,0.8445988297462463,0.2984986627332329,-0.0638936460018158,-0.0212239812107812,0.9494513273239136,0.3202060093768031,-0.9326449036598206,-0.3167124416325961
,0.0260905977338552,0.033488929271698,0.0025059222243726,0.0030236922605137,0.0018633108120411,0.0025789642943702,0.0024875486269593,0.0029980238302219,0.0018549271626397,0.002575304357563,0.0024870892520993,0.0030033015228325,0.0018565013306215,0.002573246550027,0.0024869893677532,0.002997690966671,0.0018556797876954,0.0025777656464385,0.0024829851463437,0.0029970365659989,0.0018617849564179,0.0025804133438497,0.0024877453688532,0.0029976289182125,0.0018601140473037,0.0025858803956977,0.8090924024581909,0.3117938919093492,-0.0771463587880134,-0.0220727542292307,0.8473739624023438,0.3340288804536729,-0.9184687733650208,-0.3331029927303546
,0.0297167841345071,0.0333319082856178,0.0027732660528272,0.0030158830103189,0.0021884732414036,0.0025621951630257,0.0027364920824766,0.002989238722471,0.0022119546774774,0.0025576391919909,0.002734350040555,0.00299427870139,0.0022101148497313,0.0025555855559703,0.0027385842986404,0.002988977762645,0.0022112743463367,0.0025600843882165,0.0027370958123356,0.0029882027523848,0.0022182492539286,0.0025627643152445,0.0027360671665519,0.0029888510553986,0.0022208609152585,0.0025682277171189,0.7416549324989319,0.3218138237836391,-0.0701638311147689,-0.0227674503940856,0.758021354675293,0.3478819571309349,-0.8877741098403931,-0.3480734650919893
,0.026078687980771,0.0331900231540203,0.0026458238717168,0.0030095515379178,0.001750640454702,0.0025467549853448,0.0025991578586399,0.0029816106425067,0.001736637786962,0.0025412422953933,0.0025955608580261,0.0029864136193552,0.0017415428301319,0.0025393170379471,0.0025962197687476,0.0029814230302408,0.0017372915754094,0.0025436701023986,0.0025940658524632,0.0029805065932712,0.001744229812175,0.0025464966195729,0.0025960435159504,0.0029812474118302,0.0017414737958461,0.0025518069875586,0.6029224395751953,0.3329752252648124,-0.0365732200443744,-0.0235242468950943,0.6632416844367981,0.3626597045230845,-0.7408323287963867,-0.3642874599729149
,0.0275900475680828,0.0330500453710556,0.0026367118116468,0.0030031285246039,0.0020241839811205,0.0025317657333048,0.0025824073236435,0.0029739911904486,0.0020023444667458,0.0025252321407533,0.0025784948375076,0.00297851773137,0.0019989837892353,0.0025233404361144,0.0025833500549197,0.0029738249041979,0.0020016180351376,0.0025275911833259,0.0025792708620429,0.0029728070905195,0.0020038397051393,0.0025305340329607,0.0025866671930998,0.0029736099604945,0.0020121766719967,0.0025357170211159,0.6385205984115601,0.3439196142065438,-0.0683504864573478,-0.024439069846251,0.7346388697624207,0.3760277524609756,-0.7215141654014587,-0.3803589585334854
,0.0320381075143814,0.0329413712024688,0.0031367714982479,0.0029987605248581,0.0023095975629985,0.0025194943461104,0.0030650948174297,0.0029687912751702,0.0022559305652976,0.0025121951553242,0.0030631690751761,0.0029730859455418,0.0022526651155203,0.0025102796119246,0.0030616044532507,0.0029686266015801,0.002252634614706,0.0025143525237023,0.0030559999868273,0.0029674862200154,0.002258087741211,0.0025174103731524,0.0030603106133639,0.0029683774351704,0.0022662435658276,0.0025225248184228,0.5682590007781982,0.3554090531027828,-0.0508289858698844,-0.0254275950998934,0.7244755029678345,0.3908925214643498,-0.7205330729484558,-0.396291886206042
,0.0303080081939697,0.0328300185501575,0.0030386052094399,0.0029947122003739,0.0021379345562309,0.0025068899841574,0.0029427029658108,0.002963602117592,0.0020809499546885,0.002498522857248,0.0029391036368906,0.0029676794756314,0.0020863541867583,0.0024966916722005,0.0029451437294483,0.0029634382002628,0.0020841951481997,0.0025005977488953,0.0029402112122625,0.002962194156755,0.0020865413825958,0.0025037720591438,0.0029379264451563,0.0029631384132133,0.0020883393008261,0.0025087840780967,0.7451133131980896,0.36603349383544,-0.0629940778017044,-0.0264196242827151,1.055983066558838,0.4049806611215904,-1.0057916641235352,-0.4110027816936539
,0.0298606120049953,0.0327215194702148,0.0030652561690658,0.002990106117493,0.0020459701772779,0.0024949873055046,0.002965458901599,0.0029579019245878,0.0019863690249621,0.0024859591857768,0.0029556811787188,0.0029617894658728,0.0019869280513375,0.00248413503509,0.0029630507342517,0.0029577471728286,0.0019836633000522,0.0024878724500213,0.0029602183494716,0.0029563779189127,0.0019941411446779,0.0024911179139955,0.0029572250787168,0.0029574161869352,0.0019966505933552,0.0024961120015776,0.7942612767219543,0.3779647956602581,-0.0772314816713333,-0.0276899122266354,1.1139947175979614,0.4200817479996155,-1.057577133178711,-0.4280549905617181
,0.0259134881198406,0.0325249619781971,0.0023953337222337,0.002977142691351,0.0019755989778786,0.0024771113922013,0.0023679523728787,0.0029437685091401,0.0019383074250072,0.0024671019229348,0.0023673379328101,0.0029474884446319,0.0019355027470737,0.002465272478064,0.0023727386724203,0.002943611198502,0.0019352097297087,0.0024688526661291,0.0023675542324781,0.0029421302432697,0.0019386301282793,0.002472147893783,0.0023713342379778,0.0029432714902455,0.0019479889888316,0.0024770681256495,0.6009715795516968,0.386671056292585,-0.0735670253634452,-0.0289557738629558,0.8972386717796326,0.432846710970983,-0.8107313513755798,-0.4417361938999787
,0.0265203453600406,0.0324255973100662,0.0026687043718993,0.0029737552711926,0.0018389788456261,0.0024661481422319,0.0026017513591796,0.0029391468669428,0.0018083553295582,0.002454872502243,0.002599544590339,0.0029427139937282,0.0018007664475589,0.002452996825554,0.0025992076843976,0.0029390142322488,0.0018055136315524,0.0024564631166141,0.0025979981292039,0.0029374325982807,0.0017996629467234,0.0024598093395855,0.0026004074607044,0.002938609029028,0.0017994536319747,0.0024646353555003,0.6377965211868286,0.396699703668393,-0.0859081223607063,-0.0303322412200782,0.9797552227973938,0.4479813707713967,-0.7674235701560974,-0.4556549596876376
,0.0238298773765563,0.0323460549116134,0.0022996664047241,0.0029718290381167,0.0017500163521617,0.0024562908373954,0.0022466583177447,0.0029362716933828,0.0017131364438682,0.0024443487165978,0.0022449989337474,0.0029396670618084,0.0017069615423679,0.0024425062006645,0.002246746327728,0.0029361317530909,0.0017068841261789,0.0024456952856774,0.002241734880954,0.0029344453335139,0.0017113633221015,0.0024491473248264,0.0022467777598649,0.0029357231443863,0.0017149338964372,0.0024540054391509,0.6128249168395996,0.4071280742156286,-0.0671633780002594,-0.0314826065896052,0.776823103427887,0.4622241033087444,-0.9099628925323486,-0.4709371740577558
,0.0331311449408531,0.0322545878589153,0.0033931706566363,0.0029686281168789,0.0022693048231303,0.0024462224619117,0.0032969352323561,0.002931805218179,0.0022037744056433,0.0024332746861427,0.003287946106866,0.0029351088541197,0.0022017129231244,0.0024314399982506,0.0032879379577934,0.0029316686005769,0.0021967897191643,0.002434497439318,0.0032922965474426,0.0029299052583893,0.0022019264288246,0.0024379775536885,0.0032947282306849,0.0029312613454517,0.002204624004662,0.0024428078142026,0.8184304237365723,0.418432152092675,-0.0862722098827362,-0.032926259457101,1.0110132694244385,0.4778769399229366,-1.1631853580474854,-0.4868210258439081
,0.0324989147484302,0.0321596004068851,0.0033560597803443,0.0029648158694676,0.002155942376703,0.0024357407939816,0.0032282609026879,0.002926995110526,0.0021650821436196,0.0024220366070142,0.0032308101654052,0.0029301861975489,0.002163782948628,0.0024202281853095,0.0032336094882339,0.0029268747603393,0.0021629270631819,0.0024231561803303,0.0032230953220278,0.0029250004723058,0.0021691189613193,0.0024266585177102,0.0032277246937155,0.0029264403343239,0.0021824992727488,0.0024314821902208,0.663043737411499,0.4275358018199518,-0.0863494277000427,-0.0340846128681048,0.8583369255065918,0.4891956426642952,-0.9037232398986816,-0.4997536062917906
,0.0252993106842041,0.0321126356720924,0.0027633283752948,0.0029646780394191,0.0016245900187641,0.0024298372288381,0.0025959271006286,0.0029257490887929,0.0015895380638539,0.0024152553030347,0.0025954474695026,0.0029288322837107,0.0015822048299014,0.0024134186593335,0.0026022028177976,0.0029256418756992,0.0015785794239491,0.0024161868972891,0.0025915631558746,0.0029236436512312,0.0015891034854575,0.0024197157644154,0.002599092433229,0.0029251592609847,0.0015877360710874,0.0024245304899093,0.7943910360336304,0.4369990942075005,-0.1045710742473602,-0.0353869494762579,1.0547438859939575,0.5015246205343193,-1.0960191488265991,-0.5143691009615107
,0.0259155463427305,0.0320179723203182,0.0027644874062389,0.0029603057917203,0.0017173815285786,0.0024200975985372,0.0026285336352884,0.0029202810058124,0.001658119726926,0.002404749589599,0.0026238714344799,0.0029232799105003,0.0016570914303883,0.0024028745986113,0.0026285559870302,0.0029202157439773,0.0016564168035984,0.0024055046252658,0.0026268430519849,0.0029181293271312,0.0016570752486586,0.0024090047621299,0.0026317194569855,0.0029197115825538,0.0016654495848342,0.0024138316508231,0.8758782148361206,0.4457483277125098,-0.1194117665290832,-0.0367121269148474,0.9815255403518676,0.51357366125457,-1.1704399585723877,-0.526676701044056
,0.0271130241453647,0.0319492183625698,0.0026295229326933,0.0029578786497545,0.0020163387525826,0.0024129965267499,0.0025287866592407,0.0029168485789726,0.0019687204621732,0.0023964585240396,0.0025252879131585,0.0029197357110598,0.0019688310567289,0.0023946012812691,0.0025318174157291,0.002916791951577,0.001965140691027,0.0023971186544044,0.0025241896510124,0.0029145839050751,0.0019683882128447,0.0024005739929925,0.0025210224557667,0.0029162367024427,0.0019649765454232,0.002405408704623,1.062796950340271,0.4554240691985471,-0.091446541249752,-0.037893503931582,1.3106950521469116,0.527531110330957,-0.9889819622039796,-0.5397357608545086
,0.0205464605242013,0.0318567343056201,0.0022139332722872,0.0029539735609216,0.0013409033417701,0.0024034764889111,0.0021183870267122,0.0029117933785746,0.0012774117058143,0.0023858227402587,0.002122895559296,0.0029145856076152,0.0012783138081431,0.0023839244678147,0.0021233335137367,0.0029117523343178,0.0012764799175783,0.0023863754892379,0.0021162799093872,0.0029094452843788,0.0012772757327184,0.0023897718051775,0.0021209130063652,0.0029111559777179,0.0012803325662389,0.0023946774828789,0.7660948634147644,0.4647164630509891,-0.1156767010688781,-0.0391327413609949,0.9300819039344788,0.5398884669213985,-1.1154197454452517,-0.5530103283405292
,0.0177781656384468,0.0317387208342552,0.0016745851607993,0.002947102668603,0.0013462117640301,0.0023919733303708,0.0016335358377546,0.002904155324688,0.001317657646723,0.0023736583962251,0.0016338389832526,0.0029069023122274,0.0013191340258345,0.0023717253348275,0.0016395967686548,0.0029041287186385,0.0013136900961399,0.0023740463998918,0.0016297425609081,0.0029017415035052,0.0013206372968852,0.0023774232838446,0.0016318868147209,0.0029035167662963,0.0013176476350054,0.0023823666541849,0.9939186573028564,0.4733413484590283,-0.0870606154203414,-0.0402434338435979,0.9645838141441344,0.5521470805328208,-1.2175006866455078,-0.5656502625697102
,0.029188122600317,0.0316181555390358,0.0027805960271507,0.002939505271531,0.0021417429670691,0.0023808982252939,0.0027363009285181,0.0028959098890296,0.0021228906698524,0.0023616375323293,0.0027369363233447,0.0028985531170682,0.0021174701396375,0.0023596690987615,0.0027366140857338,0.0028958410728593,0.0021164922509342,0.0023619582312642,0.002734235022217,0.0028934062142437,0.0021199816837906,0.0023652788761444,0.0027294165920466,0.0028952576513625,0.0021154466085135,0.0023702589097688,0.7074838280677795,0.4818095645092847,-0.0628865361213684,-0.0413659385506469,1.0195754766464231,0.5639433826357373,-0.901756763458252,-0.5774370769599394
,0.0238010343164205,0.0315061509609222,0.0025645357090979,0.0029333653629754,0.0015603844076395,0.0023699020003931,0.0024400565307587,0.0028889577914416,0.0014976768288761,0.0023497448783818,0.0024392928462475,0.0028915140417531,0.0014976060483604,0.0023477095696557,0.0024426921736449,0.0028888645357909,0.001495620352216,0.0023499665552513,0.0024313947651535,0.002886353053974,0.0014953383943066,0.0023532504416801,0.0024413580540567,0.0028883049980486,0.0014950779732316,0.0023582404919925,0.7227641344070435,0.4888321232176493,-0.1155892685055732,-0.0421963364999907,0.895764946937561,0.5747614753798681,-1.0414148569107056,-0.588171302784024
,0.0345575958490371,0.0314143262803554,0.0034060913603752,0.0029285863438898,0.0025474613066762,0.002360853842819,0.0032607412431389,0.0028832005733673,0.0024697135668247,0.0023400205196393,0.0032601517159491,0.0028856834500478,0.0024615370202809,0.002337952248773,0.0032590767368674,0.0028831188170874,0.0024560457095503,0.0023401149502525,0.0032540941610932,0.0028805148193291,0.0024506403133273,0.0023433849410255,0.0032616038806736,0.0028825442691631,0.0024704367388039,0.0023483762352925,0.7630802392959595,0.4964426689983978,-0.0938003361225128,-0.0431086812541778,0.9502875208854676,0.5852256765998225,-1.2639189958572388,-0.5991843325734945
,0.0272256657481193,0.031320970505476,0.0026976282242685,0.0029226476096214,0.0019661753904074,0.0023525053101585,0.002608518814668,0.0028764847310404,0.0019060871563851,0.0023309904920951,0.0026125023141503,0.0028789090360564,0.0019030986586585,0.0023288930208027,0.0026120766997337,0.0028764128009095,0.0018976986175403,0.0023310318675096,0.0026078361552208,0.0028737576619796,0.00189789023716,0.0023342943755913,0.002613058546558,0.0028758088598031,0.001903096679598,0.0023392622548537,0.9417389631271362,0.50343774564443,-0.0945790782570838,-0.0439358512672692,1.105452537536621,0.5940770099959878,-1.165337085723877,-0.6085120168589252
,0.0296723544597625,0.031258575618267,0.0030186276417225,0.0029206731160058,0.0020753636490553,0.0023460756985358,0.0028935458976775,0.0028733293454335,0.0020280219614505,0.0023234768577085,0.0028879209421575,0.0028756659353524,0.0020261206664144,0.0023213025343996,0.0028917589224874,0.0028732575581064,0.002020941581577,0.0023234277534843,0.0028882485348731,0.0028705155803022,0.002019380684942,0.0023266212134968,0.0028926825616508,0.0028726471862101,0.0020297402516007,0.002331609630226,0.835923433303833,0.5106193062654696,-0.0901772007346153,-0.0447412096727073,0.944744884967804,0.6039446409948391,-1.0522457361221311,-0.6179305882863332
,0.0292005892843008,0.0311713498085737,0.0029071161989122,0.0029159157576123,0.0020120409317314,0.0023373629326848,0.0028437862638384,0.0028679017209086,0.0020203327294439,0.0023142583582078,0.0028457837179303,0.0028701854919692,0.0020175189711153,0.0023120286283027,0.0028470801189541,0.002867859660839,0.0020056010689586,0.0023140969707102,0.0028359810821712,0.0028650360863619,0.0020062606781721,0.0023172562912831,0.0028521995991468,0.0028672357962986,0.0020068888552486,0.0023222345791827,0.8163729310035706,0.516584731553247,-0.0967349335551261,-0.0455219024898605,0.9761006236076356,0.6129687475533786,-1.0898288488388062,-0.6269657395594425
,0.0289915837347507,0.031119666993618,0.0030361823737621,0.0029146945713888,0.0020431010052561,0.002331654663108,0.0028680507093667,0.0028656735935068,0.0019219305831938,0.0023076795877932,0.0028686274308711,0.0028678773690673,0.0019047639798372,0.0023053869871307,0.0028742158319801,0.0028656220992352,0.0019142685923725,0.0023073643322468,0.0028654772322624,0.0028627067683797,0.0019112878944724,0.0023105180957443,0.002864631358534,0.0028649956635246,0.0019190470920875,0.0023155169386829,0.9514363408088684,0.524164941128987,-0.1047052890062332,-0.0462228981405306,1.081589937210083,0.623019756529553,-1.2447984218597412,-0.6365059954052932
,0.0337269902229309,0.0310487709939479,0.003395844483748,0.0029115029749851,0.0025504333898425,0.0023244582944284,0.0032189225312322,0.0028616781240573,0.0023484220728278,0.0022996497258666,0.0032118665985763,0.002863819903655,0.0023327390663325,0.0022973368479392,0.003217494348064,0.0028616140698756,0.0023458616342395,0.0022993159107988,0.0032028532586991,0.0028586296156342,0.0023439906071871,0.002302432264119,0.0032137064263224,0.0028609791524454,0.0023448544088751,0.0023073824510945,1.0838454961776731,0.5309791090699032,-0.0910916626453399,-0.0469176642601187,1.713005781173706,0.6306439552717426,-1.810302376747132,-0.6459677890834152
,0.0366906635463237,0.0309848021715879,0.0035548289306461,0.0029090778348358,0.0026684405747801,0.0023176663944548,0.003488651709631,0.0028582972498475,0.0026142301503568,0.0022921646985173,0.0034865131601691,0.00286036903752,0.0026005236431956,0.0022898150887911,0.0034977707546204,0.0028582558655779,0.0025962931104004,0.0022917740594058,0.0034842866007238,0.0028551612138106,0.00260801310651,0.0022947978562782,0.0034808651544153,0.0028576022174207,0.0026102471165359,0.0022998456356518,1.0749297142028809,0.5377834438274702,-0.0624409914016723,-0.0475888451410634,1.5684483051300049,0.6393323097882856,-1.364749312400818,-0.6548193482011573
,0.0249141100794076,0.0308964680880308,0.0024975484702736,0.0029040276758576,0.0017923654522746,0.0023092561532582,0.0023888165596872,0.0028524818158572,0.0017436681082472,0.0022830832062744,0.0023791017010807,0.0028545103146366,0.0017396989278495,0.0022807376084024,0.0023821317590773,0.0028524305584217,0.0017409700667485,0.0022826213661371,0.0023744003847241,0.0028492699870173,0.0017395346658304,0.0022856172141727,0.0023839101195335,0.002851778039914,0.0017519643297418,0.0022906748384227,1.111689805984497,0.54430241158048,-0.0786237567663192,-0.0481099130241958,1.3951196670532229,0.6473019322451415,-1.3924976587295532,-0.6632829231912355
,0.0260261613875627,0.0308107882738113,0.0027615746948868,0.0028997157934176,0.0016734151868149,0.0023004573068615,0.0026721020694822,0.0028474289038913,0.0016497118631377,0.0022737317709496,0.0026709618978202,0.0028494046481521,0.0016428031958639,0.0022713549719621,0.002669486682862,0.0028473435358753,0.0016487436369061,0.0022731899086876,0.0026579429395496,0.0028441260193429,0.0016516320174559,0.0022761483591366,0.002670377260074,0.0028467240272551,0.0016574113396927,0.0022811857999438,0.9573301076889038,0.5505997259005199,-0.0983550995588302,-0.0487314787772476,1.3171532154083252,0.6551293385698902,-1.1682137250900269,-0.6722446691071745
,0.0247006006538867,0.0307610258460044,0.002542498987168,0.0028977805355425,0.001737892976962,0.002295341554484,0.0024059861898422,0.0028446608336043,0.001681231544353,0.0022680458327178,0.002409876557067,0.0028466008793365,0.0016714825760573,0.0022656304703026,0.0024099182337522,0.0028445790412267,0.0016734767705202,0.0022674135913797,0.002408088883385,0.0028413080140796,0.0016714773373678,0.0022703518330675,0.0024123799521476,0.002843948770516,0.0016762875020503,0.0022753867462043,0.7405466437339783,0.5571566867332116,-0.0906766429543495,-0.0493148553187006,1.018585205078125,0.663823272780299,-0.9601033926010132,-0.6818804106545975
,0.0294024497270584,0.0306995492428541,0.0030098515562713,0.0028950334539946,0.0020861970260739,0.0022892790255773,0.0028859288431704,0.0028410099040034,0.001985119190067,0.0022612554046922,0.0028828922659158,0.0028429006781836,0.0019725500606,0.0022587979861316,0.002883915323764,0.0028409450715384,0.0019731738138943,0.0022605437014814,0.002876614453271,0.0028376078882798,0.0019717523828148,0.0022634461558905,0.0028832980897277,0.0028402726714179,0.0019911548588424,0.0022684821749737,0.8528778553009033,0.5625669332374654,-0.0758840143680572,-0.0499041150029909,0.9165470004081726,0.6719291994821457,-1.043725609779358,-0.6900626317875187
,0.0324423797428607,0.0306492336094379,0.0032873849850147,0.0028932759957425,0.0022337641566991,0.0022841837935563,0.0032055552583187,0.0028382810890842,0.0021822473499923,0.0022553603442897,0.0032085441052913,0.0028401707676348,0.002178361872211,0.0022528411674753,0.0032035100739449,0.0028382358029612,0.0021678039338439,0.0022545907111526,0.0032064341939985,0.0028348361051173,0.0021875796373933,0.0022574749988737,0.0032024963293224,0.0028375385843756,0.0021786983124911,0.0022624698967547,0.7599247097969055,0.5692717201992199,-0.1015685200691223,-0.0504721893555496,1.0321892499923706,0.6807706566584896,-0.9709280133247375,-0.6984930855338743
,0.0255306772887706,0.0305922124534845,0.0026336796581745,0.0028900803677208,0.0017175396205857,0.0022792632055109,0.0025363389868289,0.0028343057052382,0.0017024971311911,0.0022496780070227,0.0025291838683187,0.0028361801716663,0.0016966300318017,0.0022471202829148,0.0025219048839062,0.0028342780210099,0.001702673616819,0.0022487529253618,0.0025309070479124,0.0028308069630334,0.0017071528127416,0.0022515978036015,0.0025340591091662,0.0028335849969063,0.001718109473586,0.0022565912619465,0.8916504383087158,0.5748207195744865,-0.0865262597799301,-0.0509613365854703,1.6323394775390625,0.6874979095524997,-1.2293621301651,-0.7061913550325835
,0.0267327427864074,0.0305196810513734,0.0024926175829023,0.0028862253581751,0.0020587381441146,0.002272351669016,0.0024364485871046,0.0028295970627649,0.0020020133815705,0.0022421145681175,0.0024327160790562,0.0028314171043594,0.0020030119922012,0.0022395505479178,0.0024293214082717,0.0028295478032709,0.0019948985427618,0.0022411395957043,0.0024320657830685,0.0028260500603962,0.0020066825672984,0.0022439087295227,0.0024346807040274,0.0028289371427471,0.002009545918554,0.0022488679589811,0.9877824783325196,0.5807788982547734,-0.0497287139296531,-0.0514156091936019,1.2062309980392456,0.6956202763932118,-1.2892760038375854,-0.7135329455347
,0.0303923729807138,0.0304618850350379,0.0031639249064028,0.0028834074521244,0.0021144510246813,0.0022670392857593,0.0029746501240879,0.0028258114331061,0.0020501620601862,0.0022360548060451,0.002978182863444,0.0028275348996667,0.0020433797035366,0.0022334550718721,0.0029850271530449,0.0028257407002841,0.0020358301699161,0.0022350372644577,0.0029694470576941,0.0028221807258273,0.002047786489129,0.0022377859613858,0.0029817861504852,0.0028251183164133,0.0020477452781051,0.0022427453707794,0.924361526966095,0.586907016373344,-0.0929152965545654,-0.051878675700283,1.265589952468872,0.7038364565412626,-1.446441650390625,-0.7223356772898886
,0.0236648675054311,0.0304000787436962,0.0025937927421182,0.0028806348824076,0.0015575847355648,0.0022608117007613,0.0024190752301365,0.0028220250289414,0.0014903659466654,0.0022293677880308,0.0024157294537872,0.0028237222405157,0.0014851700980216,0.0022267102372968,0.0024148917291313,0.0028219383511689,0.0014874974731355,0.0022282672775091,0.0024129974190145,0.0028183532263279,0.0014847933780401,0.0022309958208796,0.0024153431877493,0.0028213376317167,0.0014876256464049,0.0022359414291931,0.7529816627502441,0.5916564746159337,-0.0773172974586486,-0.052447990786429,1.251693606376648,0.7109490321833855,-1.2047687768936155,-0.7286173311803479
,0.0289153084158897,0.0303613469004631,0.0029658679850399,0.0028790829483229,0.002010069321841,0.0022568635785421,0.0028387992642819,0.002819793654771,0.0019609129521995,0.0022250258329579,0.0028395405970513,0.002821454220284,0.0019563632085919,0.0022223771842839,0.0028262757696211,0.0028196911307226,0.0019502342911437,0.0022238728426755,0.0028252084739506,0.002816044685978,0.0019474801374599,0.002226558689387,0.0028352434746921,0.0028190928688245,0.001959313172847,0.002231513410126,1.1822620630264282,0.5973308719813547,-0.0671505481004715,-0.0527896636521522,1.3780910968780518,0.7179925558349989,-1.3005646467208862,-0.7357289930140581
,0.0241736061871051,0.0303191747516393,0.002383064944297,0.0028773240055129,0.0017590024508535,0.0022528357305143,0.0023221673909574,0.0028173323611377,0.0016902607167139,0.0022203115148306,0.0023299418389797,0.0028189562175054,0.0016851961845532,0.0022176342298161,0.0023252456448972,0.0028172266931484,0.0016802048776298,0.002219050796942,0.0023170679342001,0.0028135068700077,0.0016765319742262,0.0022217459856237,0.0023257192224264,0.0028166239874192,0.0016792041715234,0.0022266522197197,0.9148982167243958,0.6022530883957969,-0.0710987523198127,-0.0534270482238646,1.4012025594711304,0.7253664807020636,-1.384718418121338,-0.7431252409919924
,0.0233534909784793,0.0302692502737045,0.0022676249500364,0.0028754937838308,0.0017155640525743,0.0022475979545313,0.0022011864930391,0.0028148023227019,0.0016755302203819,0.002214379723529,0.0022002439945936,0.0028164240914841,0.0016757352277636,0.0022116643249358,0.0022063590586185,0.0028146292113481,0.0016682022251188,0.00221303024833,0.0021966903004795,0.0028108652226072,0.0016628801822662,0.0022157114621246,0.0022069301921874,0.0028140843754187,0.0016765445470809,0.00222059413526,0.7331845164299011,0.6070619533270911,-0.0812285467982292,-0.05383517139349,1.013066649436951,0.7323070434945488,-0.8670744299888611,-0.750051857586134
,0.0261114612221717,0.0302324462682008,0.0025701185222715,0.002874406823655,0.0018916466506198,0.0022436768524674,0.0024932124651968,0.0028128830590873,0.0018435404635965,0.0022100372164996,0.0024818175006657,0.0028144677591242,0.0018414049409329,0.0022072938548734,0.0024847376625984,0.0028126718052466,0.0018462609732523,0.0022086109902887,0.0024805499706417,0.0028088729082241,0.001843502279371,0.002211313240355,0.0024896438699215,0.002812133737036,0.001845025923103,0.0022161096418548,0.897000253200531,0.6120674699515158,-0.0824148654937744,-0.0543223478924665,1.2050039768218994,0.7387041951292697,-1.264163613319397,-0.7573310100973027
,0.0329902023077011,0.0301721543073654,0.0033688484691083,0.0028708437604326,0.0022682046983391,0.0022382548708569,0.0032462163362652,0.0028085813129793,0.0022262458223849,0.002204141799291,0.0032535609789192,0.0028101578016485,0.0022192331962287,0.0022013591513801,0.0032512478064745,0.0028083515260106,0.0022181493695825,0.0022026261546269,0.0032422235235571,0.0028045525915925,0.002225064439699,0.0022053427601503,0.0032392856664955,0.0028078275349123,0.0022319226991385,0.0022101466681442,1.171465516090393,0.6168864191157343,-0.1023819297552108,-0.0546675204442513,1.126476526260376,0.7450887863837211,-1.3397042751312256,-0.7637803687838238
,0.0208688005805015,0.0301037412136793,0.0020333139691501,0.002866869385656,0.0015906087355688,0.002232041804454,0.0019419529708102,0.0028037430210708,0.0015189949190244,0.0021973876810925,0.0019377338467165,0.0028052876736887,0.0015097197610884,0.0021945826666776,0.0019285235321149,0.0028034920242242,0.0015082779573276,0.0021958050428256,0.0019291412318125,0.0027996890364333,0.0015153692802414,0.0021985355135451,0.0019331630319356,0.0028030039432525,0.0015220006462186,0.002203332831502,1.0134272575378418,0.6218083669244241,-0.1009695157408714,-0.0552297359264822,1.1822881698608398,0.7510741393301263,-1.2219734191894531,-0.7707874173013135
,0.0300204642117023,0.0300508346408605,0.0030823170673102,0.0028647563457208,0.0021330108866095,0.0022267399656648,0.0029519293457269,0.0028006490829134,0.0019997549243271,0.00219145122199,0.0029569829348474,0.002802173923309,0.0019987118430435,0.002188606678542,0.0029543659184128,0.002800386790269,0.0020071673206984,0.0021898126664547,0.0029490822926163,0.0027965521510826,0.00201266258955,0.002192515531978,0.002956417389214,0.0027999102523165,0.0020180651918053,0.0021973096762868,1.147197961807251,0.6266796958144636,-0.1000869125127792,-0.05564899090801,1.487362265586853,0.7577593657983344,-1.5283856391906738,-0.7776645485952071
,0.0300762951374053,0.0299837440252304,0.0030332517344504,0.0028608017046115,0.0021930502261966,0.0022205870750578,0.002885244321078,0.0027959951312626,0.0020853315945714,0.0021847571313298,0.0028932564891874,0.0027975172813256,0.002078651683405,0.0021818997600957,0.0028906345833092,0.0027957059699094,0.0020887376740574,0.0021830734816945,0.0028716884553432,0.0027918356403477,0.0020843045786023,0.0021857729863631,0.0028822761960327,0.0027952497843263,0.0020898694638162,0.0021905744048042,0.7864460349082947,0.6302407870930196,-0.0797672048211097,-0.0560297556566958,1.041421890258789,0.7631610896500302,-0.9439099431037904,-0.7830617362949344
,0.0209918096661567,0.0299314316362142,0.0021891156211495,0.002858021573367,0.0014503941638395,0.0022157248440598,0.0020828570704907,0.0027924065507152,0.0014010249869897,0.0021794494005698,0.0020717815496027,0.0027939105025746,0.0013894779840484,0.0021766222486623,0.00207663141191,0.0027920740082931,0.0013909586705267,0.0021777312806605,0.002075795084238,0.0027882236598629,0.0013915395829826,0.0021804136902417,0.0020766423549503,0.0027916739783345,0.0013955903705209,0.0021852055850868,0.7987536787986755,0.6342957039692686,-0.0809466615319252,-0.0563279149016048,0.92732572555542,0.7689870992772527,-1.0045084953308103,-0.7890601888726181
,0.0243898667395114,0.0298732314258813,0.0023569725453853,0.0028547167278676,0.001814778195694,0.0022104146027292,0.0022685700096189,0.0027883712295381,0.0017746957018971,0.0021736266457014,0.0022616994101554,0.0027898495381129,0.0017735623987391,0.0021707709529819,0.0022629804443567,0.0027880362167808,0.0017793838633224,0.0021718622570738,0.002259625820443,0.0027841498900326,0.0017846327973529,0.0021745291803207,0.00226118019782,0.0027876286706192,0.0017917873337864,0.0021792956074377,0.7415646314620972,0.6385764975002327,-0.0708901509642601,-0.0567845689306322,1.1365045309066772,0.7749564008657771,-1.1820147037506104,-0.7950507932552917
,0.0239696595817804,0.0298191588371992,0.0024829269386827,0.0028518185446021,0.0016180002130568,0.0022054717562201,0.0023708923254162,0.0027846003577232,0.0016068847617134,0.0021681945275703,0.0023730350658297,0.0027860573282626,0.0015957853756844,0.0021652936801558,0.002366765635088,0.0027842460808179,0.0015995980938896,0.0021664210465101,0.0023726362269371,0.0027803585075608,0.0016106843249872,0.0021690844037218,0.0023707067593932,0.002783868505588,0.0016017459565773,0.0021737626697692,0.7171944379806519,0.6428459514154419,-0.0802362337708473,-0.0569998729075571,0.9287860989570618,0.7810592135907943,-0.9265695810317992,-0.8004785894806389
,0.0194355752319097,0.029752155765891,0.002014196710661,0.0028478093094787,0.001378706889227,0.0021995399919893,0.0019290538039058,0.0027798050587214,0.0012943871552124,0.0021616383303182,0.0019296249374747,0.0027812636306886,0.0012800699332728,0.0021587253123784,0.0019279457628726,0.0027794313794843,0.001277269446291,0.0021597713864158,0.0019218048546463,0.0027755234414511,0.0012775004142895,0.0021624793536817,0.0019243258284404,0.0027790670172018,0.0012806900776922,0.0021671184311333,0.9356187582015992,0.6463177947216076,-0.0460691638290882,-0.0573699796311828,1.3139581680297852,0.7865616658705178,-0.9794696569442748,-0.8051758540203898
,0.0309506766498088,0.0297088883817195,0.0030766539275646,0.0028460225459143,0.0022971672005951,0.0021953397499106,0.0029313985724002,0.0027771329765392,0.0021882550790905,0.002156891651205,0.0029343306086957,0.0027785565978614,0.0021797565277665,0.0021539774350689,0.0029370922129601,0.002776731951601,0.0021812124177813,0.0021550092211577,0.0029297366272658,0.0027728380298431,0.0021690272260457,0.0021576835511527,0.0029311762191355,0.0027764010177436,0.0021948730573058,0.0021623215003523,1.1308836936950684,0.6501490896778148,-0.0717926174402237,-0.0577316234644268,1.2744592428207395,0.7919171211369522,-1.4848726987838743,-0.8101665153977232
,0.0278116650879383,0.0296873990446329,0.0026990564074367,0.0028457722808702,0.0020203639287501,0.0021930494038725,0.0026073174085468,0.0027761803598909,0.0020222684834152,0.0021541344803853,0.0025955135934054,0.0027775128000008,0.0020276478026062,0.0021512105364453,0.0025889191310852,0.0027757393908678,0.0020146765746176,0.0021521789437714,0.0025921768974512,0.0027718216375384,0.0020245932973921,0.0021548937746355,0.0025961629580706,0.0027754524487683,0.0020229727961122,0.0021594664118869,1.096503973007202,0.6545273383910204,-0.0623968392610549,-0.0579478860518843,1.3892252445220947,0.7979799336060093,-1.4311705827713013,-0.8157669235735511
,0.0270809289067983,0.029634341597557,0.0027684348169714,0.0028426919140658,0.0019537219777703,0.002188424757618,0.0026113516651093,0.0027722500357001,0.0018698567291721,0.0021490467600464,0.0026076107751578,0.0027735837810499,0.0018608625978231,0.0021460799158569,0.0026113900821655,0.0027718017308528,0.0018615770386531,0.0021470569341025,0.0025995841715484,0.0027678696779657,0.0018612535204738,0.0021497303089468,0.0026035229675471,0.0027715457259475,0.0018717610510066,0.0021542733097661,0.8802010416984558,0.6582725772101697,-0.1255140155553817,-0.0582430483141002,1.2020350694656372,0.8029457745968176,-1.263972282409668,-0.8210084047382508
,0.0303947553038597,0.0295926630496978,0.0031033947598189,0.0028405701733772,0.0021542147733271,0.0021847301605597,0.002992084249854,0.002769368519498,0.0020419533830136,0.0021447978108524,0.0029860800132155,0.0027706760124687,0.0020431810989975,0.0021418387136344,0.0029916600324213,0.0027689140912606,0.0020389433484524,0.0021427778663632,0.0029718545265495,0.0027649549740842,0.0020429883152246,0.0021454309988247,0.0029876192566007,0.0027686941766876,0.0020407829433679,0.0021499256822771,0.8372430205345154,0.6616791974938867,-0.0558406487107276,-0.0586084725600491,1.2551437616348269,0.807777273238964,-1.0186123847961426,-0.8252191847523119
,0.0257312152534723,0.0295519772917032,0.0025988421402871,0.0028388120354142,0.0018899210263043,0.002181003478211,0.0024526771157979,0.002766667786929,0.0018006120808422,0.002140515460051,0.0024624811485409,0.0027679298438209,0.0017852811142802,0.0021375155901384,0.0024549991358071,0.0027662091676823,0.0017844707472249,0.0021384359204363,0.0024508486967533,0.002762246764815,0.0017959018005058,0.002141088989771,0.002456709742546,0.0027659949507342,0.0017984709702432,0.0021455729399033,0.8564708232879639,0.6651675573061374,-0.0985485985875129,-0.0588312975894858,1.2030824422836304,0.8124783471270707,-1.0715192556381226,-0.8291368306436997
,0.0339010320603847,0.0294899865984916,0.0035487031564116,0.0028345319312946,0.0023491578176617,0.0021759309828921,0.0033875205554068,0.00276168423007,0.0022238371893763,0.0021349511782506,0.0033784299157559,0.0027629400340032,0.0022217552177608,0.0021319899479564,0.0033812492620199,0.0027612186392829,0.0022076754830777,0.0021328925001221,0.0033821098040789,0.0027572846601499,0.0022118918132036,0.002135528528924,0.0033807524014264,0.0027610605149344,0.0022279513068497,0.0021399904092621,0.897300124168396,0.6682975794317352,-0.0710181817412376,-0.059114430673111,1.1486581563949585,0.8169257239224461,-1.0399092435836792,-0.8332166691538687
,0.0217507891356945,0.0294404756277799,0.002183589618653,0.002831704971306,0.0016562351956963,0.0021715893533747,0.0020413098391145,0.0027581738951538,0.0015330498572438,0.0021300337983715,0.002043780637905,0.0027594142129424,0.0015495573170483,0.0021270556636617,0.0020435284823179,0.0027576840424752,0.0015414520166814,0.0021279209960298,0.0020384120289236,0.0027537691642473,0.0015321491518989,0.0021305628505733,0.0020434521138668,0.0027575826723794,0.0015442717121914,0.0021350049039514,0.935713529586792,0.671851286219544,-0.0675193592905998,-0.0593913711189907,1.2025090456008911,0.8221449872785724,-1.1860747337341309,-0.8374317346496901
,0.0194212831556797,0.0293878205120563,0.0020348923280835,0.0028286398455954,0.0013532063458114,0.0021670205231251,0.0019030482508242,0.0027543219637866,0.0013036708114668,0.0021249034255918,0.0019018601160496,0.0027555428601732,0.0013038648758083,0.0021219134477469,0.0019070283742621,0.0027538398770482,0.0012944453628733,0.0021227368152008,0.0019001915352419,0.0027499277375201,0.0013110295403748,0.0021253933454376,0.001902779797092,0.0027537620970697,0.0013052651192992,0.0021298360390012,0.7228979468345642,0.6747828466430948,-0.0902681201696395,-0.0597105912451512,1.0317832231521606,0.8266532503314401,-0.8256117105484009,-0.8407247894867564
,0.033083751797676,0.0293343774974346,0.0032845502719283,0.0028252513291654,0.0024060010910034,0.0021623684378075,0.0031459277961403,0.0027503174198588,0.0023350520059466,0.0021198736944039,0.0031265919096767,0.0027514869326619,0.0023601623252034,0.0021168789366623,0.0031258910894393,0.0027498085751069,0.0023538663517683,0.0021176912446973,0.0031332715880125,0.0027459057561233,0.0023229599464684,0.0021203042516906,0.0031409068033099,0.002749753199461,0.002348571550101,0.0021247574190931,1.1154714822769165,0.6782319455048217,-0.0981105342507362,-0.0600961145694744,1.348470687866211,0.8315855265125078,-1.14597749710083,-0.8448493001996745
,0.0277605392038822,0.0292895454913377,0.0028277980163693,0.0028229411985605,0.0019575539045035,0.002158102592438,0.0026889597065746,0.0027472307250561,0.0019064095104113,0.0021153241892087,0.0026926402933895,0.0027483907806666,0.0019089522538706,0.0021123240362656,0.0026880898512899,0.0027467461608557,0.0019007036462426,0.0021130848457282,0.0026816113386303,0.0027428311958865,0.0019074311712756,0.0021157404273991,0.0026900272350758,0.0027467124242111,0.0019103623926639,0.0021201322940143,0.8651667833328247,0.6820455197269871,-0.0841502472758293,-0.0604580611763387,1.0372101068496704,0.8364275264492114,-1.077513337135315,-0.8493579173819434
,0.0187295898795127,0.0292415712028741,0.0018924548057839,0.0028200092251427,0.0013557012425735,0.0021541676094995,0.0017928930465131,0.0027435123946586,0.0013041694182902,0.0021108531506911,0.0017912549665197,0.0027446212107917,0.0013048207620158,0.002107861256853,0.0017911425093188,0.0027430048143775,0.0013005102518945,0.0021085798262437,0.0017907344736158,0.0027391013634693,0.0013035675510764,0.0021112285409494,0.0017995544476434,0.0027430256346793,0.001302785705775,0.0021156231606178,0.9871824383735656,0.6852696378360926,-0.0841581523418426,-0.0607089457347043,1.066960096359253,0.8411210096447223,-1.189097285270691,-0.8536445612856801
,0.021431528031826,0.0292146783322095,0.0022654675412923,0.0028193512381256,0.0014658705331385,0.002151501978885,0.0021196834277361,0.0027420026713517,0.0014168254565447,0.0021076843660981,0.0021197232417762,0.0027430785666951,0.001415618462488,0.0021046888365887,0.0021214010193943,0.0027414786694405,0.0014199864817783,0.0021053560055908,0.0021172820124775,0.0027375917301654,0.0014256862923502,0.0021080288757504,0.0021191774867475,0.0027415228143762,0.0014248070074245,0.0021124079494867,0.92800110578537,0.6890424715380506,-0.0969803109765052,-0.0610457385498407,0.9719284772872924,0.8454208119304645,-1.142552137374878,-0.8584134524693554
,0.0248834285885095,0.029186300933361,0.0026057192590087,0.0028186553498097,0.0017415054608136,0.0021485970992306,0.0024478428531438,0.002740470149116,0.0016703200526535,0.0021042661748855,0.0024404188152402,0.0027415302255022,0.0016697578830644,0.0021012962355256,0.0024326019920408,0.0027399467601492,0.0016626014839857,0.0021019210733492,0.0024314513429999,0.0027360646637184,0.0016682256245985,0.0021045839846866,0.002442518249154,0.002740026019421,0.0016704652225598,0.0021089599474206,0.9679413437843324,0.6924875270619908,-0.0857137739658355,-0.0612362438438162,1.3053696155548096,0.8498994173009751,-1.3544113636016846,-0.8627716811786302
,0.0284711569547653,0.0291533097624778,0.0027428490575402,0.0028172484152615,0.0020702620968222,0.0021455070551607,0.002681900281459,0.002738303711915,0.0020478493534028,0.0021007611304797,0.002687870291993,0.002739327313646,0.0020611812360584,0.0020978086076169,0.0026741444598883,0.0027377658871031,0.0020459070801734,0.002098393457927,0.0026862125378102,0.0027338810454642,0.0020429238211363,0.0021010433571372,0.0026827128604054,0.0027378819780935,0.0020473441109061,0.0021054060698554,0.9155094623565674,0.6958750467945375,-0.0871464982628822,-0.0614787951422086,0.9656665921211244,0.8542166173991549,-1.0859105587005615,-0.8670717030618186
,0.0222996640950441,0.0291107557713985,0.0023214695975184,0.0028147815618727,0.0015847831964492,0.002141907488192,0.0022095402237027,0.0027351282937462,0.0014766652602702,0.0020966919274209,0.0021951326634734,0.0027361048113635,0.0014810416614636,0.0020937219993456,0.0021939768921583,0.0027345558702255,0.0014746926026418,0.0020942926201178,0.0022058538161218,0.0027307000052867,0.0014770154375582,0.0020969385607555,0.0022021739277988,0.0027347128134679,0.0014773175353184,0.0021012382292074,1.0504801273345947,0.6989334107816149,-0.0688439235091209,-0.0616575309291793,1.117052435874939,0.8586898310074191,-1.1918188333511353,-0.8704594729473482
,0.0389189198613166,0.029077973216772,0.0039415615610778,0.0028135061108941,0.0028407140634953,0.002138811515759,0.0037522760685533,0.0027330984798537,0.0026876700576394,0.0020930437721247,0.003736981190741,0.0027340460898664,0.0026805845554918,0.0020900836414266,0.0037518232129514,0.0027325204572333,0.0026712105609476,0.0020906356882362,0.00374486297369,0.0027286956095543,0.0026769305113703,0.0020932832906769,0.0037490248214453,0.0027327020937905,0.0026852793525904,0.0020975641264337,0.7895001173019409,0.7021918219521247,-0.0707054510712623,-0.0618395301716559,1.0083459615707395,0.8626228572315785,-1.0562520027160645,-0.8741450907321124
,0.0240700840950012,0.0290415063500404,0.0025888856034725,0.0028114049807009,0.0016312833176925,0.0021357172166831,0.0024196326266974,0.0027303332665607,0.0015533685218542,0.0020895761569439,0.0024162749759852,0.0027312323658519,0.0015499893343076,0.0020866027376653,0.0024174456484615,0.0027297501408665,0.0015465861652046,0.0020871581660357,0.0024115105625241,0.0027259348244134,0.0015495693078264,0.0020898066003079,0.0024257539771497,0.0027299692202334,0.0015597818419337,0.0020940386513096,1.1461763381958008,0.7049932594640477,-0.1079988405108451,-0.0621376365441512,1.1621111631393433,0.8669659831895024,-1.2776944637298584,-0.8774426492561352
,0.0250650364905595,0.028991911560297,0.0025969690177589,0.0028086009370875,0.0018037529662251,0.0021312265017058,0.0024479110725224,0.0027268128165973,0.0016850107349455,0.002084663137945,0.0024495925754308,0.002727687839789,0.0016840725438669,0.0020816862591462,0.0024476672988384,0.0027262100490888,0.0016851351829245,0.0020822329332257,0.0024424968287348,0.0027224132963875,0.0016885581426322,0.0020848634299911,0.0024436053354293,0.002726459842372,0.0016902650240808,0.0020890708676166,0.8550299406051636,0.7080229931632309,-0.073955550789833,-0.0623100931513004,1.0376262664794922,0.870789850594278,-1.143458604812622,-0.8807666277463699
,0.0282679554075002,0.0289633776992559,0.0029298956505954,0.0028074012313801,0.0020465978886932,0.0021286740974537,0.0027284119278192,0.0027248675694822,0.0019371848320588,0.002081683420847,0.002725054975599,0.002725719481993,0.0019216920481994,0.0020787058655608,0.0027365100104361,0.0027242533127632,0.0019290094496682,0.0020792184139437,0.0027160656172782,0.0027204751654104,0.001928090932779,0.0020818374170259,0.002733456203714,0.0027245289185705,0.0019359872676432,0.0020860288537955,1.0248700380325315,0.7114957639533572,-0.0711951404809951,-0.0624322274340605,1.2744046449661257,0.8755171440959424,-1.336803317070007,-0.8849526589031254
,0.0247016288340091,0.0289377886801958,0.0025991143193095,0.0028065406777437,0.0017848460702225,0.002126051348927,0.0023957139346748,0.002723324791258,0.0016745512839406,0.0020788460150387,0.0023855788167566,0.0027241089797665,0.001670278259553,0.002075947567324,0.0023909131996333,0.0027226390926051,0.0016701631247997,0.0020763618613449,0.0023845441173762,0.0027189246500656,0.0016770220827311,0.0020790025757182,0.002394086215645,0.0027229667258672,0.001674817292951,0.0020830953357292,1.2127090692520142,0.7140816488441091,-0.116436518728733,-0.0625806062884259,1.5326488018035889,0.8795839624204196,-1.2589279413223269,-0.887810676144094
,0.0246920883655548,0.0288912206888198,0.0025795754045248,0.0028039355702831,0.0017258326988667,0.0021219810820948,0.0024100057780742,0.0027199025697919,0.0016681356355547,0.0020743150439793,0.0024115678388625,0.0027206674657041,0.0016720135463401,0.0020714145866768,0.0024087445344775,0.0027192177411177,0.0016680947737768,0.0020718037493758,0.0024039684794843,0.0027154936752663,0.0016584247350692,0.0020744435351136,0.0024174794089049,0.0027195608646715,0.0016682447167113,0.0020785028831741,1.1187870502471924,0.7172792851196786,-0.0734374150633812,-0.0627998349668821,1.1535319089889526,0.8837752668484378,-1.4394230842590332,-0.8917327675116773
,0.0229214802384376,0.0288454759865999,0.0024050080683082,0.0028012754885002,0.0015425583114847,0.0021179366530082,0.0022953276056796,0.0027165903506436,0.0015006944304332,0.0020698596667119,0.0022872788831591,0.0027173249419128,0.0014994209632277,0.0020669413006935,0.0022858495358377,0.0027158898005293,0.0015138444723561,0.0020673151923527,0.0022947711404412,0.0027121814600341,0.001499026431702,0.0020699377412496,0.002293744822964,0.0027162559804735,0.0015039560385048,0.0020739911255012,1.4004486799240112,0.7202026556004076,-0.0835439413785934,-0.062918772617943,1.5195844173431396,0.8875573339236985,-1.2335506677627563,-0.8950575263901981
,0.0281830113381147,0.0288116317242383,0.0031013286206871,0.0027996916817556,0.0019287359900772,0.0021148042886746,0.0028381079901009,0.0027142551873673,0.0018050710204988,0.0020664073594542,0.0028310867492109,0.0027149434337131,0.0017969877226278,0.0020634997151351,0.0028304094448685,0.0027135251949825,0.0017970429034903,0.0020638303917047,0.0028256508521735,0.0027098341520441,0.0017971743363887,0.0020664452697783,0.0028279810212552,0.0027139345880386,0.0018034332897514,0.0020704814455808,1.0257656574249268,0.7236291602211172,-0.1013014689087867,-0.0630594420931735,1.202340602874756,0.89210525275538,-1.2639732360839844,-0.8986605151227175
,0.0404609255492687,0.0287757776677608,0.0041320053860545,0.0027978190890865,0.0028339424170553,0.0021114173800548,0.0039341826923191,0.0027117998814251,0.0027584196068346,0.0020627415869788,0.0039441906847059,0.0027124632043501,0.0027623802889138,0.0020598743980673,0.003940733615309,0.0027110428793587,0.0027469252236187,0.002060179056993,0.003932568244636,0.002707398227347,0.0027646590024232,0.0020627690465641,0.0039452398195862,0.0027115098691268,0.0027656827587634,0.0020667888866491,1.1785513162612915,0.7261992149198855,-0.0686066597700119,-0.0631919672862067,1.3474647998809814,0.8957568985684503,-1.4932295083999634,-0.9016550312610184
,0.0213290154933929,0.0287544205784797,0.0022769372444599,0.0027972730066991,0.0014860332012176,0.0021093928412507,0.0021294835023581,0.0027105845983173,0.001384857809171,0.0020602224444103,0.0021225474774837,0.0027112458057702,0.0013884118525311,0.0020573670249863,0.002126618521288,0.0027097991657181,0.001385856536217,0.0020576389870786,0.0021203588694334,0.0027061805293083,0.0013927527470514,0.0020602281629388,0.00212824344635,0.0027103162752911,0.0013869138201698,0.002064203290318,1.1384799480438232,0.7290012513151011,-0.071812018752098,-0.0632125208604109,1.3937422037124634,0.8993096629647725,-1.133779764175415,-0.9048859370559
,0.019695457071065903,0.02871698886156082,0.0021002446301281452,0.002795360200516593,0.0013253259239718318,0.0021059487665278844,0.0019963248632848263,0.002708019056692648,0.0012555327266454697,0.0020563838545446488,0.001998727908357978,0.0027086812937820166,0.0012555484427139163,0.002053527876781501,0.001997474581003189,0.0027072234142456225,0.0012588325189426541,0.0020537824390777413,0.0019903620705008507,0.0027036327656791695,0.0012635504826903343,0.0020563769080015576,0.0019964948296546936,0.0027077780261811216,0.0012570375110954046,0.0020603030780844966,1.0739922523498535,0.7318514162471029,-0.07375770807266235,-0.0633948065214034,1.120855450630188,0.9025519522420967,-1.2056530714035034,-0.9078261489882136
